-- phpMyAdmin SQL Dump
-- version 4.8.3
-- https://www.phpmyadmin.net/
--
-- Host: 127.0.0.1
-- Generation Time: Feb 27, 2019 at 06:14 PM
-- Server version: 10.1.36-MariaDB
-- PHP Version: 7.2.10

SET SQL_MODE = "NO_AUTO_VALUE_ON_ZERO";
SET AUTOCOMMIT = 0;
START TRANSACTION;
SET time_zone = "+00:00";


/*!40101 SET @OLD_CHARACTER_SET_CLIENT=@@CHARACTER_SET_CLIENT */;
/*!40101 SET @OLD_CHARACTER_SET_RESULTS=@@CHARACTER_SET_RESULTS */;
/*!40101 SET @OLD_COLLATION_CONNECTION=@@COLLATION_CONNECTION */;
/*!40101 SET NAMES utf8mb4 */;

--
-- Database: `onlineexam`
--

-- --------------------------------------------------------

--
-- Table structure for table `questions`
--

CREATE TABLE `questions` (
  `questionno` int(128) NOT NULL,
  `question` varchar(200) NOT NULL,
  `option1` varchar(100) NOT NULL,
  `option2` varchar(100) NOT NULL,
  `option3` varchar(100) NOT NULL,
  `option4` varchar(100) NOT NULL,
  `correctans` varchar(50) NOT NULL,
  `userans` varchar(50) NOT NULL
) ENGINE=InnoDB DEFAULT CHARSET=latin1;

--
-- Dumping data for table `questions`
--

INSERT INTO `questions` (`questionno`, `question`, `option1`, `option2`, `option3`, `option4`, `correctans`, `userans`) VALUES
(1, 'Who is Prime Minister of India?', 'Modi', 'Rahul', 'Sonia', 'ManMohan', 'Modi', 'Sonia'),
(2, 'Best Car?', 'Audi', 'BMW', 'Benz', 'Ferrari', 'Benz', 'BMW'),
(3, 'Which branch are you in', 'CSE', 'ECE', 'EEE', 'None', 'None', 'EEE'),
(4, 'Course in which you study about parsers??', 'Compilers', 'Operating Systems', 'Databases', 'None', 'Compilers', 'Operating Systems'),
(5, 'Fastest Bird??', 'i10', 'i20', 'Swift', 'Benz', 'Swift', 'Swift');

-- --------------------------------------------------------

--
-- Table structure for table `response`
--

CREATE TABLE `response` (
  `st_id` varchar(50) NOT NULL,
  `q_id` int(10) NOT NULL,
  `st_ans` varchar(50) NOT NULL
) ENGINE=InnoDB DEFAULT CHARSET=latin1;

--
-- Dumping data for table `response`
--

INSERT INTO `response` (`st_id`, `q_id`, `st_ans`) VALUES
('', 1, 'Rahul'),
('', 2, 'BMW'),
('', 3, 'EEE'),
('', 2, 'BMW'),
('', 3, 'EEE'),
('', 3, 'EEE'),
('', 2, 'BMW'),
('', 1, 'Rahul'),
('', 2, 'BMW'),
('', 3, 'EEE'),
('', 3, 'EEE'),
('', 2, 'BMW'),
('', 3, 'EEE'),
('', 2, 'BMW'),
('', 1, 'Rahul'),
('', 2, 'BMW'),
('', 1, 'Rahul'),
('', 1, 'Rahul'),
('', 2, 'BMW'),
('', 3, 'EEE'),
('', 3, 'EEE'),
('', 1, 'Rahul'),
('', 1, 'Rahul'),
('', 1, 'Rahul'),
('', 1, 'Rahul'),
('', 1, 'Rahul'),
('', 1, 'Rahul'),
('', 1, 'Rahul'),
('', 1, 'Rahul'),
('', 2, 'BMW'),
('', 3, 'EEE'),
('', 3, 'EEE'),
('', 2, 'BMW'),
('', 1, 'Rahul'),
('', 2, 'BMW'),
('', 3, 'EEE'),
('', 2, 'BMW'),
('', 1, 'Rahul'),
('', 2, 'BMW'),
('', 1, 'Rahul'),
('', 2, 'BMW'),
('', 3, 'EEE'),
('', 2, 'BMW'),
('', 3, 'EEE'),
('', 4, 'Operating Systems'),
('', 5, 'Swift'),
('', 4, 'Operating Systems'),
('', 3, 'EEE'),
('', 2, 'BMW'),
('', 1, 'Rahul'),
('', 2, 'BMW'),
('', 3, 'EEE'),
('', 4, 'Operating Systems'),
('', 5, 'Swift'),
('', 5, 'Swift'),
('', 4, 'Operating Systems'),
('', 3, 'EEE'),
('', 4, 'Operating Systems'),
('', 5, 'Swift'),
('', 5, 'Swift'),
('', 4, 'Operating Systems'),
('', 3, 'EEE'),
('', 2, 'BMW'),
('', 1, 'Rahul'),
('', 2, 'BMW'),
('', 3, 'EEE'),
('', 4, 'Operating Systems'),
('', 5, 'Swift'),
('', 5, 'Swift'),
('', 4, 'Operating Systems'),
('', 3, 'EEE'),
('', 2, 'BMW'),
('', 1, 'Rahul'),
('', 2, 'BMW'),
('', 3, 'EEE'),
('', 4, 'Operating Systems'),
('', 5, 'Swift'),
('', 5, 'Swift'),
('', 5, 'Swift'),
('', 4, 'Operating Systems'),
('', 3, 'EEE'),
('', 2, 'BMW'),
('', 1, 'Rahul'),
('', 2, 'BMW'),
('', 3, 'EEE'),
('', 4, 'Operating Systems'),
('', 5, 'Swift'),
('uuu', 1, 'Rahul'),
('uuu', 2, 'Benz'),
('uuu', 3, 'ECE'),
('uuu', 4, 'Databases'),
('uuu', 5, 'i20'),
('uuu', 1, 'Rahul'),
('uuu', 2, 'Benz'),
('uuu', 3, 'ECE'),
('uuu', 4, 'Databases'),
('uuu', 5, 'i20'),
('kkk', 1, 'Rahul'),
('kkk', 2, 'BMW'),
('kkk', 3, 'ECE'),
('kkk', 4, 'Operating Systems'),
('kkk', 5, 'i20'),
('rohit', 1, 'Sonia'),
('rohit', 2, 'Benz'),
('rohit', 3, 'EEE'),
('rohit', 4, 'Databases'),
('rohit', 5, 'Swift'),
('m', 1, 'ManMohan'),
('m', 2, 'Ferrari'),
('m', 3, 'None'),
('m', 4, 'None'),
('m', 5, 'Benz'),
('m', 1, 'ManMohan'),
('m', 2, 'Ferrari'),
('m', 3, 'None'),
('m', 4, 'None'),
('m', 5, 'Benz'),
('m', 1, 'ManMohan'),
('m', 2, 'Ferrari'),
('m', 3, 'None'),
('m', 4, 'None'),
('m', 5, 'Benz'),
('rakhi', 1, 'Modi'),
('rakhi', 2, 'Audi'),
('rakhi', 3, 'CSE'),
('rakhi', 4, 'Compilers'),
('rakhi', 5, 'i10'),
('y', 1, 'Sonia'),
('y', 2, 'BMW'),
('y', 3, 'EEE'),
('y', 2, 'BMW'),
('y', 3, 'EEE'),
('y', 4, 'Operating Systems'),
('y', 5, 'Swift'),
('n', 1, 'Sonia'),
('n', 2, 'Benz'),
('n', 3, 'EEE'),
('n', 4, 'Databases'),
('n', 5, 'Swift'),
('n', 4, 'Databases'),
('n', 3, 'EEE'),
('n', 2, 'Benz'),
('n', 1, 'Sonia'),
('n', 2, 'Benz'),
('n', 3, 'EEE'),
('n', 4, 'Databases'),
('n', 5, 'Swift'),
('n', 1, 'Sonia'),
('n', 2, 'Benz'),
('n', 3, 'EEE'),
('n', 4, 'Databases'),
('n', 5, 'Swift'),
('n', 1, 'Sonia'),
('m', 1, 'ManMohan'),
('m', 2, 'Ferrari'),
('m', 3, 'None'),
('m', 4, 'None'),
('m', 5, 'Benz'),
('rakhi', 1, 'Modi'),
('rakhi', 2, 'Audi'),
('rakhi', 3, 'CSE'),
('rakhi', 4, 'Compilers'),
('rakhi', 5, 'i10'),
('n', 1, 'Sonia'),
('n', 2, 'Benz'),
('n', 3, 'EEE'),
('n', 4, 'Databases'),
('n', 5, 'Swift'),
('kkk', 1, 'Rahul'),
('kkk', 2, 'BMW'),
('kkk', 3, 'ECE'),
('kkk', 4, 'Operating Systems'),
('kkk', 5, 'i20'),
('y', 1, 'Sonia'),
('y', 2, 'BMW'),
('y', 3, 'EEE'),
('y', 4, 'Operating Systems'),
('y', 5, 'Swift'),
('raaa', 1, 'Rahul'),
('raaa', 2, 'BMW'),
('raaa', 3, 'ECE'),
('raaa', 4, 'Operating Systems'),
('raaa', 5, 'i20'),
('rohit', 1, 'Sonia'),
('rohit', 2, 'Benz'),
('rohit', 3, 'EEE'),
('rohit', 4, 'Databases'),
('rohit', 5, 'Swift'),
('p', 1, 'ManMohan'),
('p', 2, 'Ferrari'),
('p', 3, 'None'),
('p', 4, 'None'),
('p', 5, 'Benz'),
('b', 1, 'Rahul'),
('b', 2, 'BMW'),
('b', 3, 'ECE'),
('b', 4, 'Operating Systems'),
('b', 5, 'i20'),
('c', 1, 'Modi'),
('c', 2, 'Audi'),
('c', 3, 'CSE'),
('c', 4, 'Compilers'),
('c', 5, 'i10'),
('f', 1, 'ManMohan'),
('f', 2, 'Ferrari'),
('f', 3, 'None'),
('f', 4, 'Databases'),
('f', 5, 'Swift'),
('l', 1, 'Rahul'),
('l', 2, 'BMW'),
('l', 3, 'ECE'),
('l', 4, 'Operating Systems'),
('l', 5, 'i20'),
('w', 1, 'ManMohan'),
('w', 2, 'Ferrari'),
('w', 3, 'None'),
('w', 4, 'None'),
('w', 5, 'Benz'),
('j', 1, 'Rahul'),
('j', 2, 'BMW'),
('j', 3, 'ECE'),
('j', 4, 'Operating Systems'),
('j', 5, 'i20'),
('v', 1, 'Sonia'),
('v', 2, 'Benz'),
('v', 3, 'EEE'),
('v', 4, 'Databases'),
('v', 5, 'Swift'),
('t', 1, 'Sonia'),
('t', 2, ''),
('t', 3, ''),
('t', 4, 'Operating Systems'),
('t', 5, 'i10'),
('s', 1, 'Sonia'),
('s', 2, ''),
('s', 3, ''),
('s', 4, 'Operating Systems'),
('s', 5, 'i10'),
('x', 1, 'ManMohan'),
('x', 2, 'Audi'),
('x', 3, 'null'),
('x', 4, 'null'),
('x', 5, 'Swift'),
('ll', 1, 'ManMohan'),
('ll', 2, 'Benz'),
('ll', 3, 'None'),
('ll', 4, 'null'),
('ll', 5, 'Benz'),
('z', 1, 'ManMohan'),
('pp', 1, 'Rahul'),
('pp', 2, 'Benz'),
('pp', 3, 'EEE'),
('pp', 4, 'null'),
('pp', 5, 'null'),
('zz', 1, 'Sonia'),
('zz', 2, 'BMW'),
('oo', 1, 'ManMohan'),
('o', 1, 'null'),
('o', 2, 'null'),
('o', 3, 'null'),
('kk', 1, 'Rahul'),
('kk', 2, 'Benz'),
('kk', 3, 'ECE'),
('kk', 4, 'Databases'),
('kk', 5, 'Swift'),
('kk', 1, 'Rahul'),
('kk', 2, 'Benz'),
('kk', 3, 'ECE'),
('kk', 4, 'Databases'),
('kk', 5, 'Swift'),
('kk', 1, 'Rahul'),
('kk', 2, 'Benz'),
('kk', 3, 'ECE'),
('kk', 4, 'Databases'),
('kk', 5, 'Swift'),
('wow', 1, 'Sonia'),
('wow', 2, 'BMW'),
('wow', 3, 'ECE'),
('wow', 4, 'null'),
('wow', 5, 'Benz'),
('qq', 1, 'Sonia'),
('qq', 2, 'BMW'),
('qq', 3, 'EEE'),
('qq', 4, 'Operating Systems'),
('qq', 5, 'Swift'),
('uuu', 1, 'Rahul'),
('uuu', 2, 'Benz'),
('uuu', 3, 'ECE'),
('uuu', 4, 'Databases'),
('uuu', 5, 'i20'),
('qq', 1, 'Sonia'),
('qq', 2, 'BMW'),
('qq', 3, 'EEE'),
('qq', 4, 'Operating Systems'),
('qq', 5, 'Swift');

-- --------------------------------------------------------

--
-- Table structure for table `students`
--

CREATE TABLE `students` (
  `name` varchar(50) NOT NULL,
  `email` varchar(50) NOT NULL,
  `password` varchar(50) NOT NULL,
  `branch` varchar(50) NOT NULL,
  `gyear` int(10) NOT NULL,
  `cgpa` int(10) NOT NULL,
  `attempts` int(50) NOT NULL,
  `Marks` int(10) NOT NULL
) ENGINE=InnoDB DEFAULT CHARSET=latin1;

--
-- Dumping data for table `students`
--

INSERT INTO `students` (`name`, `email`, `password`, `branch`, `gyear`, `cgpa`, `attempts`, `Marks`) VALUES
('Rakesh', 'yrakesh@gmail.com', 'rakesh1234', 'CSE', 2020, 9, 0, 0),
('Rakesh', 'yrakesh@gmail.com', 'rakesh1234', 'CSE', 2020, 9, 0, 0),
('rakesh', 'yra@gmail.com', 'rakesh', 'cse', 2020, 8, 0, 0),
('rakesh', 'yra@gmail.com', 'rakesh', 'cse', 2020, 8, 0, 0),
('rakesh', 'yra@gmail.com', 'rakesh', 'cse', 2020, 8, 0, 0),
('rakesh', 'yra@gmail.com', 'rakesh', 'cse', 2020, 8, 0, 0),
('rakesh', 'yra@gmail.com', 'rakesh', 'cse', 2020, 8, 0, 0),
('rakesh', 'yra@gmail.com', 'rakesh', 'cse', 2020, 8, 0, 0),
('rakesh', 'yra@gmail.com', 'rakesh', 'cse', 2020, 8, 0, 0),
('rakesh', 'yra@gmail.com', 'rakesh', 'cse', 2020, 8, 0, 0),
('rakesh', 'yra@gmail.com', 'rakesh', 'cse', 2020, 8, 0, 0),
('rakesh', 'yra@gmail.com', 'rakesh', 'cse', 2020, 8, 0, 0),
('rakesh', 'yra@gmail.com', 'rakesh', 'cse', 2020, 8, 0, 0),
('rakesh', 'yra@gmail.com', 'rakesh', 'cse', 2020, 8, 0, 0),
('rakesh', 'yra@gmail.com', 'rakesh', 'cse', 2020, 8, 0, 0),
('rakesh', 'yra@gmail.com', 'rakesh', 'cse', 2020, 8, 0, 0),
('uuu', 'uuu', 'uuu', 'uuu', 11, 111, 1, 0),
('kkk', 'kkk@gmail.com', 'kkk', 'cse', 8999, 7, 1, 0),
('rohit', 'sharma@mi.com', 'mi', 'duck', 4554, 45, 1, 0),
('m', 'm@m.com', 'm', 'ce', 2222, 2, 1, 0),
('rakhi', 'rakhi@1', 'ee', 'ss', 1111, 1, 1, 0),
('y', 'y@y', 'y', 'y', 1111, 1, 1, 0),
('n', 'n@n', 'n', 'sce', 1111, 1, 1, 0),
('raaa', 'aaa@aaa.com', 'rrr', 'rrr', 22, 1, 1, 0),
('q', 'q@q', 'q', 'q', 1111, 1, 1, 0),
('o', 'o@o', 'o', 's', 1111, 11, 1, 0),
('p', 'p@p', 'p', 'we', 1111, 1, 1, 0),
('b', 'b@b', 'b', 'ss', 1111, 1, 1, 0),
('c', 'c@c', 'c', 'c', 1234, 1, 1, 0),
('f', 'f@f', 'f', '2', 1234, 1, 1, 0),
('l', 'l@l', 'l', 'cse', 2222, 22, 1, 0),
('w', 'w@w', 'w', 'we', 2222, 2, 1, 0),
('j', 'j@j', 'j', 'qwerty', 1222, 23, 1, 0),
('v', 'v@v', 'v', 'cse', 1111, 12, 1, 0),
('t', 't@t', 't', 'qqq', 1111, 1, 1, 0),
('s', 's@s', 's', 'ww', 2113, 22, 1, 0),
('x', 'x@x', 'x', 'aa', 1111, 1, 1, 0),
('ll', 'll@l', 'lll', 'aaa', 1111, 11, 1, 0),
('uuu', 'uuu@uuu', 'uuu', 'uuu', 456, 6, 1, 0),
('z', 'zz@z', 'zz', 'f', 1111, 2, 1, 0),
('pp', 'ppp@p', 'pp', 's', 1111, 1, 1, 0),
('mmm', 'mmm@m', 'mm', 'q', 1111, 11, 1, 0),
('zz', 'zz@zz', 'zzzz', 'qwe', 1111, 1, 1, 0),
('oo', 'oo@o', 'ooo', 'ss', 111, 1, 1, 0),
('o', 'q@w', 'qw', 'ww', 123, 1, 1, 0),
('m', 'm@m', 'm', 'm', 33, 4, 1, 0),
('kk', 'kk@k', 'kk', 'qq', 2332, 12, 1, 0),
('kkkk', 'kkk@k', 'kk', 'cse', 1234, 11, 0, 0),
('kk', 'lp@lp', 'lplp', 'cse', 1111, 11, 1, 0),
('er', 'er@12', 'we', 'we', 456, 5, 0, 0),
('wow', 'pls@f', '123456', 'sw', 1111, 1, 1, 0),
('qq', 'qq1@q', '123456', 'aa', 111, 1, 1, 0),
('uuu', 'uuu@u', 'uuuuuu', '12', 1111, 222, 1, 0),
('qq', 'qqq@qq', 'qqqqqq', 'cse', 1111, 1, 1, 0);

-- --------------------------------------------------------

--
-- Table structure for table `useranswers`
--

CREATE TABLE `useranswers` (
  `useremail` varchar(50) NOT NULL,
  `question` varchar(50) NOT NULL,
  `correctans` varchar(50) NOT NULL,
  `userans` varchar(50) NOT NULL
) ENGINE=InnoDB DEFAULT CHARSET=latin1;

--
-- Dumping data for table `useranswers`
--

INSERT INTO `useranswers` (`useremail`, `question`, `correctans`, `userans`) VALUES
('p', '1', '', 'Modi'),
('p', '2', '', 'Audi'),
('p', '3', '', 'CSE'),
('p', '4', '', 'Compilers'),
('p', '5', '', 'i10'),
('b', '1', '', 'Modi'),
('b', '2', '', 'Audi'),
('b', '3', '', 'CSE'),
('b', '4', '', 'Compilers'),
('b', '5', '', 'i10'),
('c', '1', '', 'Modi'),
('c', '2', '', 'Audi'),
('c', '3', '', 'CSE'),
('c', '4', '', 'Compilers'),
('c', '5', '', 'i10'),
('f', '1', '', ''),
('f', '2', '', ''),
('f', '3', '', ''),
('f', '4', '', ''),
('f', '5', '', ''),
('l', '1', '', ''),
('l', '2', '', ''),
('l', '3', '', ''),
('l', '4', '', ''),
('l', '5', '', ''),
('w', '1', '', 'ManMohan'),
('w', '2', '', 'Ferrari'),
('w', '3', '', 'None'),
('w', '4', '', 'None'),
('w', '5', '', 'Benz'),
('j', '1', '', 'Rahul'),
('j', '2', '', 'BMW'),
('j', '3', '', 'ECE'),
('j', '4', '', 'Operating Systems'),
('j', '5', '', 'i20'),
('v', '1', '', 'Sonia'),
('v', '2', '', 'Benz'),
('v', '3', '', 'EEE'),
('v', '4', '', 'Databases'),
('v', '5', '', 'Swift'),
('t', '1', '', 'Sonia'),
('t', '2', '', ''),
('t', '3', '', ''),
('t', '4', '', 'Operating Systems'),
('t', '5', '', 'i10'),
('s', '1', '', 'Sonia'),
('s', '2', '', ''),
('s', '3', '', ''),
('s', '4', '', 'Operating Systems'),
('s', '5', '', 'i10'),
('x', '1', '', 'ManMohan'),
('x', '2', '', 'Audi'),
('x', '3', '', 'null'),
('x', '4', '', 'null'),
('x', '5', '', 'Swift'),
('ll', '1', '', 'ManMohan'),
('ll', '2', '', 'Benz'),
('ll', '3', '', 'None'),
('ll', '4', '', 'null'),
('ll', '5', '', 'Benz'),
('uuu', '1', '', 'Rahul'),
('uuu', '2', '', 'Benz'),
('uuu', '3', '', 'ECE'),
('uuu', '4', '', 'Databases'),
('uuu', '5', '', 'i20'),
('z', '1', '', 'ManMohan'),
('z', '2', '', ''),
('z', '3', '', ''),
('z', '4', '', ''),
('z', '5', '', ''),
('pp', '1', '', 'Rahul'),
('pp', '2', '', 'Benz'),
('pp', '3', '', 'EEE'),
('pp', '4', '', 'null'),
('pp', '5', '', 'null'),
('mmm', '1', '', ''),
('mmm', '2', '', ''),
('mmm', '3', '', ''),
('mmm', '4', '', ''),
('mmm', '5', '', ''),
('zz', '1', '', 'Sonia'),
('zz', '2', '', 'BMW'),
('zz', '3', '', ''),
('zz', '4', '', ''),
('zz', '5', '', ''),
('zz', '5', '', ''),
('oo', '1', '', 'ManMohan'),
('oo', '2', '', 'null'),
('oo', '3', '', 'null'),
('oo', '4', '', 'null'),
('oo', '5', '', 'null'),
('o', '1', '', 'null'),
('o', '2', '', 'null'),
('o', '3', '', 'null'),
('o', '4', '', 'null'),
('o', '5', '', 'null'),
('m', '1', '', 'null'),
('m', '2', '', 'null'),
('m', '3', '', 'null'),
('m', '4', '', 'null'),
('m', '5', '', 'null'),
('kk', '1', '', 'Rahul'),
('kk', '2', '', 'Benz'),
('kk', '3', '', 'ECE'),
('kk', '4', '', 'Databases'),
('kk', '5', '', 'Swift'),
('kk', '1', '', 'Rahul'),
('kk', '2', '', 'Benz'),
('kk', '3', '', 'ECE'),
('kk', '4', '', 'Databases'),
('kk', '5', '', 'Swift'),
('wow', '1', '', 'Sonia'),
('wow', '2', '', 'BMW'),
('wow', '3', '', 'ECE'),
('wow', '4', '', 'null'),
('wow', '5', '', 'Benz'),
('qq', '1', '', 'Sonia'),
('qq', '2', '', 'BMW'),
('qq', '3', '', 'EEE'),
('qq', '4', '', 'Operating Systems'),
('qq', '5', '', 'Swift'),
('uuu', '1', '', 'Rahul'),
('uuu', '2', '', 'Benz'),
('uuu', '3', '', 'ECE'),
('uuu', '4', '', 'Databases'),
('uuu', '5', '', 'i20'),
('qq', '1', '', 'Sonia'),
('qq', '2', '', 'BMW'),
('qq', '3', '', 'EEE'),
('qq', '4', '', 'Operating Systems'),
('qq', '5', '', 'Swift');

--
-- Indexes for dumped tables
--

--
-- Indexes for table `questions`
--
ALTER TABLE `questions`
  ADD PRIMARY KEY (`questionno`);

--
-- AUTO_INCREMENT for dumped tables
--

--
-- AUTO_INCREMENT for table `questions`
--
ALTER TABLE `questions`
  MODIFY `questionno` int(128) NOT NULL AUTO_INCREMENT, AUTO_INCREMENT=6;
COMMIT;

/*!40101 SET CHARACTER_SET_CLIENT=@OLD_CHARACTER_SET_CLIENT */;
/*!40101 SET CHARACTER_SET_RESULTS=@OLD_CHARACTER_SET_RESULTS */;
/*!40101 SET COLLATION_CONNECTION=@OLD_COLLATION_CONNECTION */;
